{
  "parent":"more_states:root",
  "rewards": {
    "function": "more_states:action/enter_cold_zone"
  },
  "criteria": {
    "more_states:deep_frozen_ocean": {
      "trigger": "minecraft:location",
      "conditions": {
        "location": {
          "biome": "minecraft:deep_frozen_ocean"
        }
      }
    },
    "more_states:frozen_ocean": {
      "trigger": "minecraft:location",
      "conditions": {
        "location": {
          "biome": "minecraft:frozen_ocean"
        }
      }
    },
    "more_states:deep_cold_ocean": {
      "trigger": "minecraft:location",
      "conditions": {
        "location": {
          "biome": "minecraft:deep_cold_ocean"
        }
      }
    },
    "more_states:cold_ocean": {
      "trigger": "minecraft:location",
      "conditions": {
        "location": {
          "biome": "minecraft:cold_ocean"
        }
      }
    },
    "more_states:snowy_slopes": {
      "trigger": "minecraft:location",
      "conditions": {
        "location": {
          "biome": "minecraft:snowy_slopes"
        }
      }
    },
    "more_states:snowy_plains": {
      "trigger": "minecraft:location",
      "conditions": {
        "location": {
          "biome": "minecraft:snowy_plains"
        }
      }
    },
    "more_states:snowy_beach": {
      "trigger": "minecraft:location",
      "conditions": {
        "location": {
          "biome": "minecraft:snowy_beach"
        }
      }
    },
    "more_states:snowy_taiga": {
      "trigger": "minecraft:location",
      "conditions": {
        "location": {
          "biome": "minecraft:snowy_taiga"
        }
      }
    },
    "more_states:frozen_river": {
      "trigger": "minecraft:location",
      "conditions": {
        "location": {
          "biome": "minecraft:frozen_river"
        }
      }
    },
    "more_states:ice_spikes": {
      "trigger": "minecraft:location",
      "conditions": {
        "location": {
          "biome": "minecraft:ice_spikes"
        }
      }
    },
    "more_states:frozen_peaks": {
      "trigger": "minecraft:location",
      "conditions": {
        "location": {
          "biome": "minecraft:frozen_peaks"
        }
      }
    }
  },
  "requirements": [
    [
      "more_states:deep_frozen_ocean",
      "more_states:frozen_ocean",
      "more_states:deep_cold_ocean",
      "more_states:cold_ocean",
      "more_states:snowy_slopes",
      "more_states:snowy_plains",
      "more_states:snowy_beach",
      "more_states:snowy_taiga",
      "more_states:frozen_river",
      "more_states:ice_spikes",
      "more_states:frozen_peaks"
    ]
  ]
}