{
  "parent":"more_states:root",
  "rewards": {
    "function": "more_states:action/enter_hot_zone"
  },
  "criteria": {
    "more_states:savanna_plateau": {
      "trigger": "minecraft:location",
      "conditions": {
        "location": {
          "biome": "minecraft:savanna_plateau"
        }
      }
    },
    "more_states:savanna": {
      "trigger": "minecraft:location",
      "conditions": {
        "location": {
          "biome": "minecraft:savanna"
        }
      }
    },
    "more_states:jungle": {
      "trigger": "minecraft:location",
      "conditions": {
        "location": {
          "biome": "minecraft:jungle"
        }
      }
    },
    "more_states:badlands": {
      "trigger": "minecraft:location",
      "conditions": {
        "location": {
          "biome": "minecraft:badlands"
        }
      }
    },
    "more_states:eroded_badlands": {
      "trigger": "minecraft:location",
      "conditions": {
        "location": {
          "biome": "minecraft:eroded_badlands"
        }
      }
    },
    "more_states:desert": {
      "trigger": "minecraft:location",
      "conditions": {
        "location": {
          "biome": "minecraft:desert"
        }
      }
    },
    "more_states:wooded_badlands": {
      "trigger": "minecraft:location",
      "conditions": {
        "location": {
          "biome": "minecraft:wooded_badlands"
        }
      }
    },
    "more_states:sparse_jungle": {
      "trigger": "minecraft:location",
      "conditions": {
        "location": {
          "biome": "minecraft:sparse_jungle"
        }
      }
    },
    "more_states:bamboo_jungle": {
      "trigger": "minecraft:location",
      "conditions": {
        "location": {
          "biome": "minecraft:bamboo_jungle"
        }
      }
    },
    "more_states:windswept_savanna": {
      "trigger": "minecraft:location",
      "conditions": {
        "location": {
          "biome": "minecraft:windswept_savanna"
        }
      }
    }
  },
  "requirements": [
    [
      "more_states:savanna_plateau",
      "more_states:savanna",
      "more_states:jungle",
      "more_states:badlands",
      "more_states:eroded_badlands",
      "more_states:desert",
      "more_states:wooded_badlands",
      "more_states:sparse_jungle",
      "more_states:bamboo_jungle",
      "more_states:windswept_savanna"
    ]
  ]
}