{
  "parent":"more_states:root",
  "rewards": {
    "function": "more_states:action/enter_norm_zone"
  },
  "criteria": {
    "minecraft:mushroom_fields": {
      "trigger": "minecraft:location",
      "conditions": {
        "location": {
          "biome": "minecraft:mushroom_fields"
        }
      }
    },
    "minecraft:deep_ocean": {
      "trigger": "minecraft:location",
      "conditions": {
        "location": {
          "biome": "minecraft:deep_ocean"
        }
      }
    },
    "minecraft:ocean": {
      "trigger": "minecraft:location",
      "conditions": {
        "location": {
          "biome": "minecraft:ocean"
        }
      }
    },
    "minecraft:deep_lukewarm_ocean": {
      "trigger": "minecraft:location",
      "conditions": {
        "location": {
          "biome": "minecraft:deep_lukewarm_ocean"
        }
      }
    },
    "minecraft:lukewarm_ocean": {
      "trigger": "minecraft:location",
      "conditions": {
        "location": {
          "biome": "minecraft:lukewarm_ocean"
        }
      }
    },
    "minecraft:warm_ocean": {
      "trigger": "minecraft:location",
      "conditions": {
        "location": {
          "biome": "minecraft:warm_ocean"
        }
      }
    },
    "minecraft:stony_shore": {
      "trigger": "minecraft:location",
      "conditions": {
        "location": {
          "biome": "minecraft:stony_shore"
        }
      }
    },
    "minecraft:swamp": {
      "trigger": "minecraft:location",
      "conditions": {
        "location": {
          "biome": "minecraft:swamp"
        }
      }
    },
    "minecraft:windswept_gravelly_hills": {
      "trigger": "minecraft:location",
      "conditions": {
        "location": {
          "biome": "minecraft:windswept_gravelly_hills"
        }
      }
    },
    "minecraft:grove": {
      "trigger": "minecraft:location",
      "conditions": {
        "location": {
          "biome": "minecraft:grove"
        }
      }
    },
    "minecraft:windswept_hills": {
      "trigger": "minecraft:location",
      "conditions": {
        "location": {
          "biome": "minecraft:windswept_hills"
        }
      }
    },
    "minecraft:windswept_forest": {
      "trigger": "minecraft:location",
      "conditions": {
        "location": {
          "biome": "minecraft:windswept_forest"
        }
      }
    },
    "minecraft:taiga": {
      "trigger": "minecraft:location",
      "conditions": {
        "location": {
          "biome": "minecraft:taiga"
        }
      }
    },
    "minecraft:plains": {
      "trigger": "minecraft:location",
      "conditions": {
        "location": {
          "biome": "minecraft:plains"
        }
      }
    },
    "minecraft:meadow": {
      "trigger": "minecraft:location",
      "conditions": {
        "location": {
          "biome": "minecraft:meadow"
        }
      }
    },
    "minecraft:beach": {
      "trigger": "minecraft:location",
      "conditions": {
        "location": {
          "biome": "minecraft:beach"
        }
      }
    },
    "minecraft:forest": {
      "trigger": "minecraft:location",
      "conditions": {
        "location": {
          "biome": "minecraft:forest"
        }
      }
    },
    "minecraft:old_growth_spruce_taiga": {
      "trigger": "minecraft:location",
      "conditions": {
        "location": {
          "biome": "minecraft:old_growth_spruce_taiga"
        }
      }
    },
    "minecraft:flower_forest": {
      "trigger": "minecraft:location",
      "conditions": {
        "location": {
          "biome": "minecraft:flower_forest"
        }
      }
    },
    "minecraft:birch_forest": {
      "trigger": "minecraft:location",
      "conditions": {
        "location": {
          "biome": "minecraft:birch_forest"
        }
      }
    },
    "minecraft:dark_forest": {
      "trigger": "minecraft:location",
      "conditions": {
        "location": {
          "biome": "minecraft:dark_forest"
        }
      }
    },
    "minecraft:jagged_peaks": {
      "trigger": "minecraft:location",
      "conditions": {
        "location": {
          "biome": "minecraft:jagged_peaks"
        }
      }
    },
    "minecraft:stony_peaks": {
      "trigger": "minecraft:location",
      "conditions": {
        "location": {
          "biome": "minecraft:stony_peaks"
        }
      }
    },
    "minecraft:river": {
      "trigger": "minecraft:location",
      "conditions": {
        "location": {
          "biome": "minecraft:river"
        }
      }
    },
    "minecraft:old_growth_pine_taiga": {
      "trigger": "minecraft:location",
      "conditions": {
        "location": {
          "biome": "minecraft:old_growth_pine_taiga"
        }
      }
    },
    "minecraft:sunflower_plains": {
      "trigger": "minecraft:location",
      "conditions": {
        "location": {
          "biome": "minecraft:sunflower_plains"
        }
      }
    },
    "minecraft:old_growth_birch_forest": {
      "trigger": "minecraft:location",
      "conditions": {
        "location": {
          "biome": "minecraft:old_growth_birch_forest"
        }
      }
    },
    "minecraft:dripstone_caves": {
      "trigger": "minecraft:location",
      "conditions": {
        "location": {
          "biome": "minecraft:dripstone_caves"
        }
      }
    },
    "minecraft:lush_caves": {
      "trigger": "minecraft:location",
      "conditions": {
        "location": {
          "biome": "minecraft:lush_caves"
        }
      }
    }
  },
  "requirements": [
    [
      "minecraft:mushroom_fields",
      "minecraft:deep_ocean",
      "minecraft:ocean",
      "minecraft:deep_lukewarm_ocean",
      "minecraft:lukewarm_ocean",
      "minecraft:warm_ocean",
      "minecraft:stony_shore",
      "minecraft:swamp",
      "minecraft:windswept_gravelly_hills",
      "minecraft:grove",
      "minecraft:windswept_hills",
      "minecraft:windswept_forest",
      "minecraft:taiga",
      "minecraft:plains",
      "minecraft:meadow",
      "minecraft:beach",
      "minecraft:forest",
      "minecraft:old_growth_spruce_taiga",
      "minecraft:flower_forest",
      "minecraft:birch_forest",
      "minecraft:dark_forest",
      "minecraft:jagged_peaks",
      "minecraft:stony_peaks",
      "minecraft:river",
      "minecraft:old_growth_pine_taiga",
      "minecraft:sunflower_plains",
      "minecraft:old_growth_birch_forest",
      "minecraft:dripstone_caves",
      "minecraft:lush_caves"
    ]
  ]
}