{
    "parent": "fletching_table:full_block",
    "textures": {
        "particle": "fletching_table:block/fletching_table_front",
        "down":     "block/birch_planks",
        "up":       "fletching_table:block/fletching_table_top",
        "north":    "fletching_table:block/fletching_table_front",
        "east":     "fletching_table:block/fletching_table_side",
        "south":    "fletching_table:block/fletching_table_front",
        "west":     "fletching_table:block/fletching_table_side"
    }
}
