{
    "elements": [
        {
			"from": [ -16, -16, 0 ],
            "to": [ 32, 32, 1 ],
            "faces": {
                "south": { "uv":[0,0,16,16],"texture": "#layer1"}
            }
        },
        {
			"from": [ -16, -16, 0 ],
            "to": [ 32, 32, 1 ],
            "faces": {
                "south": { "uv":[0,0,16,16],"texture": "#layer2"}
            }
        }
    ],
    "display": {
        "gui": {
            "scale": [ 4, 4, 1 ],
			"translation": [ 79.5, -51.4, -80]
        },
        "ground": {
            "scale": [ 0.1, 0.1, 0.1 ]
        }
    },
    "textures": {
        "layer1": "fletching_table:gui/fletching_table_gui",
        "layer2": "fletching_table:gui/fletching_table_gui_10"
    },
	"gui_light": "front"
}