{
    "providers": [
        {
            "type": "bitmap",
            "file": "more_states:font/energy0.png",
            "ascent": 12,
            "height": 27,
            "chars": ["\uF180"]
        },
        {
            "type": "bitmap",
            "file": "more_states:font/energy/1.png",
            "ascent": 12,
            "height": 27,
            "chars": ["\uF181"]
        },
        {
            "type": "bitmap",
            "file": "more_states:font/energy/2.png",
            "ascent": 12,
            "height": 27,
            "chars": ["\uF182"]
        },
        {
            "type": "bitmap",
            "file": "more_states:font/energy/3.png",
            "ascent": 12,
            "height": 27,
            "chars": ["\uF183"]
        },
        {
            "type": "bitmap",
            "file": "more_states:font/energy/4.png",
            "ascent": 12,
            "height": 27,
            "chars": ["\uF184"]
        },
        {
            "type": "bitmap",
            "file": "more_states:font/energy/5.png",
            "ascent": 12,
            "height": 27,
            "chars": ["\uF185"]
        },
        {
            "type": "bitmap",
            "file": "more_states:font/energy/6.png",
            "ascent": 12,
            "height": 27,
            "chars": ["\uF186"]
        },
        {
            "type": "bitmap",
            "file": "more_states:font/energy/7.png",
            "ascent": 12,
            "height": 27,
            "chars": ["\uF187"]
        },
        {
            "type": "bitmap",
            "file": "more_states:font/energy/8.png",
            "ascent": 12,
            "height": 27,
            "chars": ["\uF188"]
        },
        {
            "type": "bitmap",
            "file": "more_states:font/energy/9.png",
            "ascent": 12,
            "height": 27,
            "chars": ["\uF189"]
        },
        {
            "type": "bitmap",
            "file": "more_states:font/energy/10.png",
            "ascent": 12,
            "height": 27,
            "chars": ["\uF18A"]
        },

        {
            "type": "bitmap",
            "file": "more_states:font/energy0.png",
            "ascent": 2,
            "height": 27,
            "chars": ["\uF190"]
        },
        {
            "type": "bitmap",
            "file": "more_states:font/energy/1.png",
            "ascent": 2,
            "height": 27,
            "chars": ["\uF191"]
        },
        {
            "type": "bitmap",
            "file": "more_states:font/energy/2.png",
            "ascent": 2,
            "height": 27,
            "chars": ["\uF192"]
        },
        {
            "type": "bitmap",
            "file": "more_states:font/energy/3.png",
            "ascent": 2,
            "height": 27,
            "chars": ["\uF193"]
        },
        {
            "type": "bitmap",
            "file": "more_states:font/energy/4.png",
            "ascent": 2,
            "height": 27,
            "chars": ["\uF194"]
        },
        {
            "type": "bitmap",
            "file": "more_states:font/energy/5.png",
            "ascent": 2,
            "height": 27,
            "chars": ["\uF195"]
        },
        {
            "type": "bitmap",
            "file": "more_states:font/energy/6.png",
            "ascent": 2,
            "height": 27,
            "chars": ["\uF196"]
        },
        {
            "type": "bitmap",
            "file": "more_states:font/energy/7.png",
            "ascent": 2,
            "height": 27,
            "chars": ["\uF197"]
        },
        {
            "type": "bitmap",
            "file": "more_states:font/energy/8.png",
            "ascent": 2,
            "height": 27,
            "chars": ["\uF198"]
        },
        {
            "type": "bitmap",
            "file": "more_states:font/energy/9.png",
            "ascent": 2,
            "height": 27,
            "chars": ["\uF199"]
        },
        {
            "type": "bitmap",
            "file": "more_states:font/energy/10.png",
            "ascent": 2,
            "height": 27,
            "chars": ["\uF19A"]
        },
        
        {
            "type": "bitmap",
            "file": "more_states:font/energy0.png",
            "ascent": 12,
            "height": 27,
            "chars": ["\uF280"]
        },
        {
            "type": "bitmap",
            "file": "more_states:font/extra_energy/1.png",
            "ascent": 12,
            "height": 27,
            "chars": ["\uF281"]
        },
        {
            "type": "bitmap",
            "file": "more_states:font/extra_energy/2.png",
            "ascent": 12,
            "height": 27,
            "chars": ["\uF282"]
        },
        {
            "type": "bitmap",
            "file": "more_states:font/extra_energy/3.png",
            "ascent": 12,
            "height": 27,
            "chars": ["\uF283"]
        },
        {
            "type": "bitmap",
            "file": "more_states:font/extra_energy/4.png",
            "ascent": 12,
            "height": 27,
            "chars": ["\uF284"]
        },
        {
            "type": "bitmap",
            "file": "more_states:font/extra_energy/5.png",
            "ascent": 12,
            "height": 27,
            "chars": ["\uF285"]
        },
        {
            "type": "bitmap",
            "file": "more_states:font/extra_energy/6.png",
            "ascent": 12,
            "height": 27,
            "chars": ["\uF286"]
        },
        {
            "type": "bitmap",
            "file": "more_states:font/extra_energy/7.png",
            "ascent": 12,
            "height": 27,
            "chars": ["\uF287"]
        },
        {
            "type": "bitmap",
            "file": "more_states:font/extra_energy/8.png",
            "ascent": 12,
            "height": 27,
            "chars": ["\uF288"]
        },
        {
            "type": "bitmap",
            "file": "more_states:font/extra_energy/9.png",
            "ascent": 12,
            "height": 27,
            "chars": ["\uF289"]
        },
        {
            "type": "bitmap",
            "file": "more_states:font/extra_energy/10.png",
            "ascent": 12,
            "height": 27,
            "chars": ["\uF28A"]
        },
        
        {
            "type": "bitmap",
            "file": "more_states:font/energy0.png",
            "ascent": 2,
            "height": 27,
            "chars": ["\uF290"]
        },
        {
            "type": "bitmap",
            "file": "more_states:font/extra_energy/1.png",
            "ascent": 2,
            "height": 27,
            "chars": ["\uF291"]
        },
        {
            "type": "bitmap",
            "file": "more_states:font/extra_energy/2.png",
            "ascent": 2,
            "height": 27,
            "chars": ["\uF292"]
        },
        {
            "type": "bitmap",
            "file": "more_states:font/extra_energy/3.png",
            "ascent": 2,
            "height": 27,
            "chars": ["\uF293"]
        },
        {
            "type": "bitmap",
            "file": "more_states:font/extra_energy/4.png",
            "ascent": 2,
            "height": 27,
            "chars": ["\uF294"]
        },
        {
            "type": "bitmap",
            "file": "more_states:font/extra_energy/5.png",
            "ascent": 2,
            "height": 27,
            "chars": ["\uF295"]
        },
        {
            "type": "bitmap",
            "file": "more_states:font/extra_energy/6.png",
            "ascent": 2,
            "height": 27,
            "chars": ["\uF296"]
        },
        {
            "type": "bitmap",
            "file": "more_states:font/extra_energy/7.png",
            "ascent": 2,
            "height": 27,
            "chars": ["\uF297"]
        },
        {
            "type": "bitmap",
            "file": "more_states:font/extra_energy/8.png",
            "ascent": 2,
            "height": 27,
            "chars": ["\uF298"]
        },
        {
            "type": "bitmap",
            "file": "more_states:font/extra_energy/9.png",
            "ascent": 2,
            "height": 27,
            "chars": ["\uF299"]
        },
        {
            "type": "bitmap",
            "file": "more_states:font/extra_energy/10.png",
            "ascent": 2,
            "height": 27,
            "chars": ["\uF29A"]
        },

        {
            "type": "bitmap",
            "file": "more_states:font/temp_panel/excold.png",
            "ascent": -12,
            "height": 16,
            "chars": ["\uF200"]
        },
        {
            "type": "bitmap",
            "file": "more_states:font/temp_panel/cold0.png",
            "ascent": -12,
            "height": 16,
            "chars": ["\uF201"]
        },
        {
            "type": "bitmap",
            "file": "more_states:font/temp_panel/cold1.png",
            "ascent": -12,
            "height": 16,
            "chars": ["\uF202"]
        },
        {
            "type": "bitmap",
            "file": "more_states:font/temp_panel/cold2.png",
            "ascent": -12,
            "height": 16,
            "chars": ["\uF203"]
        },
        
        {
            "type": "bitmap",
            "file": "more_states:font/temp_panel/exhot.png",
            "ascent": -12,
            "height": 16,
            "chars": ["\uF205"]
        },
        {
            "type": "bitmap",
            "file": "more_states:font/temp_panel/hot0.png",
            "ascent": -12,
            "height": 16,
            "chars": ["\uF206"]
        },
        {
            "type": "bitmap",
            "file": "more_states:font/temp_panel/hot1.png",
            "ascent": -12,
            "height": 16,
            "chars": ["\uF207"]
        },
        {
            "type": "bitmap",
            "file": "more_states:font/temp_panel/hot2.png",
            "ascent": -12,
            "height": 16,
            "chars": ["\uF208"]
        },

        {
            "type": "bitmap",
            "file": "more_states:font/temp_point/0.png",
            "ascent": -12,
            "height": 16,
            "chars": ["\uF210"]
        },
        {
            "type": "bitmap",
            "file": "more_states:font/temp_point/1.png",
            "ascent": -12,
            "height": 16,
            "chars": ["\uF211"]
        },
        {
            "type": "bitmap",
            "file": "more_states:font/temp_point/2.png",
            "ascent": -12,
            "height": 16,
            "chars": ["\uF212"]
        },
        {
            "type": "bitmap",
            "file": "more_states:font/temp_point/3.png",
            "ascent": -12,
            "height": 16,
            "chars": ["\uF213"]
        },
        {
            "type": "bitmap",
            "file": "more_states:font/temp_point/4.png",
            "ascent": -12,
            "height": 16,
            "chars": ["\uF214"]
        },
        {
            "type": "bitmap",
            "file": "more_states:font/temp_point/5.png",
            "ascent": -12,
            "height": 16,
            "chars": ["\uF215"]
        },
        {
            "type": "bitmap",
            "file": "more_states:font/temp_point/6.png",
            "ascent": -12,
            "height": 16,
            "chars": ["\uF216"]
        },
        {
            "type": "bitmap",
            "file": "more_states:font/temp_point/7.png",
            "ascent": -12,
            "height": 16,
            "chars": ["\uF217"]
        },
        {
            "type": "bitmap",
            "file": "more_states:font/temp_point/8.png",
            "ascent": -12,
            "height": 16,
            "chars": ["\uF218"]
        },
        {
            "type": "bitmap",
            "file": "more_states:font/temp_point/9.png",
            "ascent": -12,
            "height": 16,
            "chars": ["\uF219"]
        },

        {
            "type": "bitmap",
            "file": "more_states:font/temp_point_cold/0.png",
            "ascent": -12,
            "height": 16,
            "chars": ["\uF220"]
        },
        {
            "type": "bitmap",
            "file": "more_states:font/temp_point_cold/1.png",
            "ascent": -12,
            "height": 16,
            "chars": ["\uF221"]
        },
        {
            "type": "bitmap",
            "file": "more_states:font/temp_point_cold/2.png",
            "ascent": -12,
            "height": 16,
            "chars": ["\uF222"]
        },
        {
            "type": "bitmap",
            "file": "more_states:font/temp_point_cold/3.png",
            "ascent": -12,
            "height": 16,
            "chars": ["\uF223"]
        },
        {
            "type": "bitmap",
            "file": "more_states:font/temp_point_cold/4.png",
            "ascent": -12,
            "height": 16,
            "chars": ["\uF224"]
        },
        {
            "type": "bitmap",
            "file": "more_states:font/temp_point_cold/5.png",
            "ascent": -12,
            "height": 16,
            "chars": ["\uF225"]
        },
        {
            "type": "bitmap",
            "file": "more_states:font/temp_point_cold/6.png",
            "ascent": -12,
            "height": 16,
            "chars": ["\uF226"]
        },
        {
            "type": "bitmap",
            "file": "more_states:font/temp_point_cold/7.png",
            "ascent": -12,
            "height": 16,
            "chars": ["\uF227"]
        },
        {
            "type": "bitmap",
            "file": "more_states:font/temp_point_cold/8.png",
            "ascent": -12,
            "height": 16,
            "chars": ["\uF228"]
        },
        {
            "type": "bitmap",
            "file": "more_states:font/temp_point_cold/9.png",
            "ascent": -12,
            "height": 16,
            "chars": ["\uF229"]
        },
        
        {
            "type": "bitmap",
            "file": "more_states:font/temp_point_hot/0.png",
            "ascent": -12,
            "height": 16,
            "chars": ["\uF230"]
        },
        {
            "type": "bitmap",
            "file": "more_states:font/temp_point_hot/1.png",
            "ascent": -12,
            "height": 16,
            "chars": ["\uF231"]
        },
        {
            "type": "bitmap",
            "file": "more_states:font/temp_point_hot/2.png",
            "ascent": -12,
            "height": 16,
            "chars": ["\uF232"]
        },
        {
            "type": "bitmap",
            "file": "more_states:font/temp_point_hot/3.png",
            "ascent": -12,
            "height": 16,
            "chars": ["\uF233"]
        },
        {
            "type": "bitmap",
            "file": "more_states:font/temp_point_hot/4.png",
            "ascent": -12,
            "height": 16,
            "chars": ["\uF234"]
        },
        {
            "type": "bitmap",
            "file": "more_states:font/temp_point_hot/5.png",
            "ascent": -12,
            "height": 16,
            "chars": ["\uF235"]
        },
        {
            "type": "bitmap",
            "file": "more_states:font/temp_point_hot/6.png",
            "ascent": -12,
            "height": 16,
            "chars": ["\uF236"]
        },
        {
            "type": "bitmap",
            "file": "more_states:font/temp_point_hot/7.png",
            "ascent": -12,
            "height": 16,
            "chars": ["\uF237"]
        },
        {
            "type": "bitmap",
            "file": "more_states:font/temp_point_hot/8.png",
            "ascent": -12,
            "height": 16,
            "chars": ["\uF238"]
        },
        {
            "type": "bitmap",
            "file": "more_states:font/temp_point_hot/9.png",
            "ascent": -12,
            "height": 16,
            "chars": ["\uF239"]
        },



        {
            "type": "bitmap",
            "file": "space:font/space_split.png",
            "ascent": -32768,
            "height": -1,
            "chars": [
                "\uF800"
            ]
        },
        {
            "type": "bitmap",
            "file": "space:font/space_split.png",
            "ascent": -32768,
            "height": -3,
            "chars": [
                "\uF801"
            ]
        },
        {
            "type": "bitmap",
            "file": "space:font/space_split.png",
            "ascent": -32768,
            "height": -4,
            "chars": [
                "\uF802"
            ]
        },
        {
            "type": "bitmap",
            "file": "space:font/space_split.png",
            "ascent": -32768,
            "height": -5,
            "chars": [
                "\uF803"
            ]
        },
        {
            "type": "bitmap",
            "file": "space:font/space_split.png",
            "ascent": -32768,
            "height": -6,
            "chars": [
                "\uF804"
            ]
        },
        {
            "type": "bitmap",
            "file": "space:font/space_split.png",
            "ascent": -32768,
            "height": -7,
            "chars": [
                "\uF805"
            ]
        },
        {
            "type": "bitmap",
            "file": "space:font/space_split.png",
            "ascent": -32768,
            "height": -8,
            "chars": [
                "\uF806"
            ]
        },
        {
            "type": "bitmap",
            "file": "space:font/space_split.png",
            "ascent": -32768,
            "height": -9,
            "chars": [
                "\uF807"
            ]
        },
        {
            "type": "bitmap",
            "file": "space:font/space_split.png",
            "ascent": -32768,
            "height": -10,
            "chars": [
                "\uF808"
            ]
        },
        {
            "type": "bitmap",
            "file": "space:font/space_split.png",
            "ascent": -32768,
            "height": -18,
            "chars": [
                "\uF809"
            ]
        },
        {
            "type": "bitmap",
            "file": "space:font/space_split.png",
            "ascent": -32768,
            "height": -34,
            "chars": [
                "\uF80A"
            ]
        },
        {
            "type": "bitmap",
            "file": "space:font/space_split.png",
            "ascent": -32768,
            "height": -66,
            "chars": [
                "\uF80B"
            ]
        },
        {
            "type": "bitmap",
            "file": "space:font/space_split.png",
            "ascent": -32768,
            "height": -130,
            "chars": [
                "\uF80C"
            ]
        },
        {
            "type": "bitmap",
            "file": "space:font/space_split.png",
            "ascent": -32768,
            "height": -258,
            "chars": [
                "\uF80D"
            ]
        },
        {
            "type": "bitmap",
            "file": "space:font/space_split.png",
            "ascent": -32768,
            "height": -514,
            "chars": [
                "\uF80E"
            ]
        },
        {
            "type": "bitmap",
            "file": "space:font/space_split.png",
            "ascent": -32768,
            "height": -1026,
            "chars": [
                "\uF80F"
            ]
        },
        {
            "type": "bitmap",
            "file": "space:font/space_split.png",
            "ascent": -65536,
            "height": -32770,
            "chars": [
                "\uF800"
            ]
        },
        {
            "type": "bitmap",
            "file": "space:font/space_split.png",
            "ascent": -32768,
            "height": 0,
            "chars": [
                "\uF821"
            ]
        },
        {
            "type": "bitmap",
            "file": "space:font/space_split.png",
            "ascent": -32768,
            "height": 1,
            "chars": [
                "\uF822"
            ]
        },
        {
            "type": "bitmap",
            "file": "space:font/space_split.png",
            "ascent": -32768,
            "height": 2,
            "chars": [
                "\uF823"
            ]
        },
        {
            "type": "bitmap",
            "file": "space:font/space_split.png",
            "ascent": -32768,
            "height": 3,
            "chars": [
                "\uF824"
            ]
        },
        {
            "type": "bitmap",
            "file": "space:font/space_split.png",
            "ascent": -32768,
            "height": 4,
            "chars": [
                "\uF825"
            ]
        },
        {
            "type": "bitmap",
            "file": "space:font/space_split.png",
            "ascent": -32768,
            "height": 5,
            "chars": [
                "\uF826"
            ]
        },
        {
            "type": "bitmap",
            "file": "space:font/space_split.png",
            "ascent": -32768,
            "height": 6,
            "chars": [
                "\uF827"
            ]
        },
        {
            "type": "bitmap",
            "file": "space:font/space_split.png",
            "ascent": -32768,
            "height": 7,
            "chars": [
                "\uF828"
            ]
        },
        {
            "type": "bitmap",
            "file": "space:font/space_split.png",
            "ascent": -32768,
            "height": 15,
            "chars": [
                "\uF829"
            ]
        },
        {
            "type": "bitmap",
            "file": "space:font/space_split.png",
            "ascent": -32768,
            "height": 31,
            "chars": [
                "\uF82A"
            ]
        },
        {
            "type": "bitmap",
            "file": "space:font/space_split.png",
            "ascent": -32768,
            "height": 63,
            "chars": [
                "\uF82B"
            ]
        },
        {
            "type": "bitmap",
            "file": "space:font/space_split.png",
            "ascent": -32768,
            "height": 127,
            "chars": [
                "\uF82C"
            ]
        },
        {
            "type": "bitmap",
            "file": "space:font/space_split.png",
            "ascent": -32768,
            "height": 255,
            "chars": [
                "\uF82D"
            ]
        },
        {
            "type": "bitmap",
            "file": "space:font/space_split.png",
            "ascent": -32768,
            "height": 511,
            "chars": [
                "\uF82E"
            ]
        },
        {
            "type": "bitmap",
            "file": "space:font/space_split.png",
            "ascent": -32768,
            "height": 1023,
            "chars": [
                "\uF82F"
            ]
        },
        {
            "type": "bitmap",
            "file": "space:font/space_split.png",
            "ascent": -65536,
            "height": 32767,
            "chars": [
                "\uF820"
            ]
        },
        {
            "type": "bitmap",
            "file": "space:font/space_nosplit.png",
            "ascent": -32768,
            "height": -3,
            "chars": [
                "\uF811"
            ]
        },
        {
            "type": "bitmap",
            "file": "space:font/space_nosplit.png",
            "ascent": -32768,
            "height": -4,
            "chars": [
                "\uF812"
            ]
        },
        {
            "type": "bitmap",
            "file": "space:font/space_nosplit.png",
            "ascent": -32768,
            "height": -5,
            "chars": [
                "\uF813"
            ]
        },
        {
            "type": "bitmap",
            "file": "space:font/space_nosplit.png",
            "ascent": -32768,
            "height": -6,
            "chars": [
                "\uF814"
            ]
        },
        {
            "type": "bitmap",
            "file": "space:font/space_nosplit.png",
            "ascent": -32768,
            "height": -7,
            "chars": [
                "\uF815"
            ]
        },
        {
            "type": "bitmap",
            "file": "space:font/space_nosplit.png",
            "ascent": -32768,
            "height": -8,
            "chars": [
                "\uF816"
            ]
        },
        {
            "type": "bitmap",
            "file": "space:font/space_nosplit.png",
            "ascent": -32768,
            "height": -9,
            "chars": [
                "\uF817"
            ]
        },
        {
            "type": "bitmap",
            "file": "space:font/space_nosplit.png",
            "ascent": -32768,
            "height": -10,
            "chars": [
                "\uF818"
            ]
        },
        {
            "type": "bitmap",
            "file": "space:font/space_nosplit.png",
            "ascent": -32768,
            "height": -18,
            "chars": [
                "\uF819"
            ]
        },
        {
            "type": "bitmap",
            "file": "space:font/space_nosplit.png",
            "ascent": -32768,
            "height": -34,
            "chars": [
                "\uF81A"
            ]
        },
        {
            "type": "bitmap",
            "file": "space:font/space_nosplit.png",
            "ascent": -32768,
            "height": -66,
            "chars": [
                "\uF81B"
            ]
        },
        {
            "type": "bitmap",
            "file": "space:font/space_nosplit.png",
            "ascent": -32768,
            "height": -130,
            "chars": [
                "\uF81C"
            ]
        },
        {
            "type": "bitmap",
            "file": "space:font/space_nosplit.png",
            "ascent": -32768,
            "height": -258,
            "chars": [
                "\uF81D"
            ]
        },
        {
            "type": "bitmap",
            "file": "space:font/space_nosplit.png",
            "ascent": -32768,
            "height": -514,
            "chars": [
                "\uF81E"
            ]
        },
        {
            "type": "bitmap",
            "file": "space:font/space_nosplit.png",
            "ascent": -32768,
            "height": -1026,
            "chars": [
                "\uF81F"
            ]
        },
        {
            "type": "bitmap",
            "file": "space:font/space_nosplit.png",
            "ascent": -65536,
            "height": -32770,
            "chars": [
                "\uF810"
            ]
        },
        {
            "type": "bitmap",
            "file": "space:font/space_nosplit.png",
            "ascent": -32768,
            "height": 0,
            "chars": [
                "\uF831"
            ]
        },
        {
            "type": "bitmap",
            "file": "space:font/space_nosplit.png",
            "ascent": -32768,
            "height": 1,
            "chars": [
                "\uF832"
            ]
        },
        {
            "type": "bitmap",
            "file": "space:font/space_nosplit.png",
            "ascent": -32768,
            "height": 2,
            "chars": [
                "\uF833"
            ]
        },
        {
            "type": "bitmap",
            "file": "space:font/space_nosplit.png",
            "ascent": -32768,
            "height": 3,
            "chars": [
                "\uF834"
            ]
        },
        {
            "type": "bitmap",
            "file": "space:font/space_nosplit.png",
            "ascent": -32768,
            "height": 4,
            "chars": [
                "\uF835"
            ]
        },
        {
            "type": "bitmap",
            "file": "space:font/space_nosplit.png",
            "ascent": -32768,
            "height": 5,
            "chars": [
                "\uF836"
            ]
        },
        {
            "type": "bitmap",
            "file": "space:font/space_nosplit.png",
            "ascent": -32768,
            "height": 6,
            "chars": [
                "\uF837"
            ]
        },
        {
            "type": "bitmap",
            "file": "space:font/space_nosplit.png",
            "ascent": -32768,
            "height": 7,
            "chars": [
                "\uF838"
            ]
        },
        {
            "type": "bitmap",
            "file": "space:font/space_nosplit.png",
            "ascent": -32768,
            "height": 15,
            "chars": [
                "\uF839"
            ]
        },
        {
            "type": "bitmap",
            "file": "space:font/space_nosplit.png",
            "ascent": -32768,
            "height": 31,
            "chars": [
                "\uF83A"
            ]
        },
        {
            "type": "bitmap",
            "file": "space:font/space_nosplit.png",
            "ascent": -32768,
            "height": 63,
            "chars": [
                "\uF83B"
            ]
        },
        {
            "type": "bitmap",
            "file": "space:font/space_nosplit.png",
            "ascent": -32768,
            "height": 127,
            "chars": [
                "\uF83C"
            ]
        },
        {
            "type": "bitmap",
            "file": "space:font/space_nosplit.png",
            "ascent": -32768,
            "height": 255,
            "chars": [
                "\uF83D"
            ]
        },
        {
            "type": "bitmap",
            "file": "space:font/space_nosplit.png",
            "ascent": -32768,
            "height": 511,
            "chars": [
                "\uF83E"
            ]
        },
        {
            "type": "bitmap",
            "file": "space:font/space_nosplit.png",
            "ascent": -32768,
            "height": 1023,
            "chars": [
                "\uF83F"
            ]
        },
        {
            "type": "bitmap",
            "file": "space:font/space_nosplit.png",
            "ascent": -65536,
            "height": 32767,
            "chars": [
                "\uF830"
            ]
        }
    ]
}