{
  "pools": [
    {
      "rolls": 1,
      "entries": [
        {
          "type": "minecraft:item",
          "functions": [
            {
              "function": "minecraft:exploration_map",
              "destination":"fortress",
              "decoration": "target_point",
              "zoom": 2,
              "skip_existing_chunks": true
            },
            {
              "function": "minecraft:set_name",
              "name": {
                "translate": "mm.item.fortress_map",
                "italic": false
              }
            },
            {
              "function": "minecraft:set_nbt",
              "tag": "{\"id\":\"more_maps:fortress_map\"}"
            }
          ],
          "name": "minecraft:map"
        }
      ]
    }
  ]
}