{
  "pools": [
    {
      "rolls": 1,
      "entries": [
        {
          "type": "minecraft:item",
          "functions": [
            {
              "function": "minecraft:exploration_map",
              "destination":"monument",
              "decoration": "monument",
              "zoom": 2,
              "skip_existing_chunks": true
            },
            {
              "function": "minecraft:set_name",
              "name": {
                "translate": "mm.item.ocean_monument_map",
                "italic": false
              }
            },
            {
              "function": "minecraft:set_nbt",
              "tag": "{\"id\":\"more_maps:ocean_monument_map\"}"
            }
          ],
          "name": "minecraft:map"
        }
      ]
    }
  ]
}