{
    "parent": "cartography_table:full_block",
    "textures": {
        "particle": "cartography_table:block/cartography_table_side3",
        "down":     "minecraft:block/dark_oak_planks",
        "up":       "cartography_table:block/cartography_table_top",
        "north":    "cartography_table:block/cartography_table_side3",
        "east":     "cartography_table:block/cartography_table_side3",
        "south":    "cartography_table:block/cartography_table_side1",
        "west":     "cartography_table:block/cartography_table_side2"
    }
}
