{
    "parent": "minecraft:block/fletching_table",
    "textures":{ 
	"layer0":"item/fletching_table"
	},
	"overrides": [
		{ "predicate": { "custom_model_data": 11240001 }, "model": "fletching_table:fletching_table"},
		{ "predicate": { "custom_model_data": 11240002 }, "model": "fletching_table:fletching_table_gui"},
		{ "predicate": { "custom_model_data": 11240003 }, "model": "fletching_table:fletching_table_gui_wrong"},
		{ "predicate": { "custom_model_data": 11240010 }, "model": "fletching_table:fletching_table_gui_10"},
		{ "predicate": { "custom_model_data": 11240011 }, "model": "fletching_table:fletching_table_gui_11"},
		{ "predicate": { "custom_model_data": 11240012 }, "model": "fletching_table:fletching_table_gui_12"},
		{ "predicate": { "custom_model_data": 11240013 }, "model": "fletching_table:fletching_table_gui_13"},
		{ "predicate": { "custom_model_data": 11240014 }, "model": "fletching_table:fletching_table_gui_14"},
		{ "predicate": { "custom_model_data": 11240015 }, "model": "fletching_table:fletching_table_gui_15"},
		{ "predicate": { "custom_model_data": 11240018 }, "model": "fletching_table:fletching_table_gui_18"},
		{ "predicate": { "custom_model_data": 11240019 }, "model": "fletching_table:fletching_table_gui_19"}
	]
}
